﻿<?xml version="1.0"?>
<!DOCTYPE game SYSTEM "game.dtd">
<!-- 
	=================================================== 
	Axis & Allies Europe map compiled by IC for TripleA 
	Baseline by Black-Elk (TripleElk)
	Convoy center code thanks to Adam...?
	====================================================
-->
<game>
  <info name="Europe Improved" version="1.5"/>
  <loader javaClass="games.strategy.triplea.TripleA"/>

  <map>
    <!-- Territory Definitions -->
    <territory name="Morocco"/>
    <territory name="Spanish Morocco"/>
    <territory name="Algeria"/>
    <territory name="Tunisia"/>
    <territory name="Libya"/>
    <territory name="Egypt"/>
    <territory name="Palestine"/>
    <territory name="Trans-Jordan"/>
    <territory name="Saudi Arabia"/>
    <territory name="Syria"/>
    <territory name="Iraq"/>
    <territory name="Iran"/>
    <territory name="Turkey"/>
    <territory name="Caucasus"/>
    <territory name="Stalingrad"/>
    <territory name="Ukraine S.S.R."/>
    <territory name="Turkestan"/>
    <territory name="Siberia"/>
    <territory name="Russia"/>
    <territory name="Moscow"/>
    <territory name="Belorussia"/>
    <territory name="Leningrad"/>
    <territory name="Archangel"/>
    <territory name="Karelia"/>
    <territory name="Finland"/>
    <territory name="Sweden"/>
    <territory name="Norway"/>
    <territory name="United Kingdom"/>
    <territory name="Eire"/>
    <territory name="Iceland"/>
    <territory name="Canada"/>
    <territory name="United States"/>
    <territory name="Corsica"/>
    <territory name="Sardinia"/>
    <territory name="Sicily"/>
    <territory name="Malta"/>
    <territory name="Crete"/>
    <territory name="East Poland"/>
    <territory name="Baltic States"/>
    <territory name="Vyborg"/>
    <territory name="Bessarabia"/>
    <territory name="Germany"/>
    <territory name="Netherlands-Belgium"/>
    <territory name="Denmark"/>
    <territory name="Poland"/>
    <territory name="Czechoslovakia"/>
    <territory name="Austria"/>
    <territory name="Northern Italy"/>
    <territory name="Southern Italy"/>
    <territory name="Yugoslavia"/>
    <territory name="Hungary"/>
    <territory name="Bulgaria"/>
    <territory name="Greece"/>
    <territory name="France"/>
    <territory name="Eastern France"/>
    <territory name="Rumania"/>
    <territory name="Spain"/>
    <territory name="Cyprus"/>
    <territory name="Vichy France"/>
    <territory name="Switzerland"/>
    <territory name="Gibraltar"/>
    <!-- Sea Zone Declarations -->
    <territory name="British Convoy 1 Sea Zone" water="true"/>
    <territory name="British Convoy 2 Sea Zone" water="true"/>
    <territory name="British Convoy 3 Sea Zone" water="true"/>
    <territory name="British Convoy 4 Sea Zone" water="true"/>
    <territory name="U.S. Convoy 1 Sea Zone" water="true"/>
    <territory name="U.S. Convoy 2 Sea Zone" water="true"/>
    <territory name="Soviet Convoy Sea Zone" water="true"/>
    <territory name="South Atlantic Sea Zone" water="true"/>
    <territory name="Central Atlantic Sea Zone" water="true"/>
    <territory name="Azores Sea Sea Zone" water="true"/>
    <territory name="U.S. Eastern Coast Sea Zone" water="true"/>
    <territory name="Mid-Atlantic Sea Zone" water="true"/>
    <territory name="Celtic Sea Sea Zone" water="true"/>
    <territory name="English Channel Sea Zone" water="true"/>
    <territory name="Danish Sea Sea Zone" water="true"/>
    <territory name="Baltic Sea Sea Zone" water="true"/>
    <territory name="North Sea Sea Zone" water="true"/>
    <territory name="Atlantic Sea Zone" water="true"/>
    <territory name="Halifax Sea Sea Zone" water="true"/>
    <territory name="Davis Strait Sea Zone" water="true"/>
    <territory name="Denmark Strait Sea Zone" water="true"/>
    <territory name="North Atlantic Sea Zone" water="true"/>
    <territory name="Barents Sea Sea Zone" water="true"/>
    <territory name="Norwegian Sea Sea Zone" water="true"/>
    <territory name="White Sea Sea Zone" water="true"/>
    <territory name="Strait of Gibraltar Sea Zone" water="true"/>
    <territory name="Western Mediterranean Sea Zone" water="true"/>
    <territory name="Tyrrhenian Sea Sea Zone" water="true"/>
    <territory name="Sicilian Sea Sea Zone" water="true"/>
    <territory name="Central Mediterranean Sea Zone" water="true"/>
    <territory name="Adriatic Sea Sea Zone" water="true"/>
    <territory name="Eastern Mediterranean Sea Zone" water="true"/>
    <territory name="Aegean Sea Sea Zone" water="true"/>
    <territory name="Black Sea Sea Zone" water="true"/>
    <territory name="Bay of Biscay Sea Zone" water="true"/>
    <!-- Territory Connections -->
    <connection t1="Canada" t2="United States"/>
    <connection t1="Spain" t2="France"/>
    <connection t1="Spain" t2="Vichy France"/>
    <connection t1="France" t2="Netherlands-Belgium"/>
    <connection t1="France" t2="Eastern France"/>
    <connection t1="France" t2="Vichy France"/>
    <connection t1="Germany" t2="Netherlands-Belgium"/>
    <connection t1="Germany" t2="Denmark"/>
    <connection t1="Germany" t2="Eastern France"/>
    <connection t1="Germany" t2="Austria"/>
    <connection t1="Germany" t2="Czechoslovakia"/>
    <connection t1="Northern Italy" t2="Vichy France"/>
    <connection t1="Northern Italy" t2="Yugoslavia"/>
    <connection t1="Northern Italy" t2="Austria"/>
    <connection t1="Northern Italy" t2="Southern Italy"/>
    <connection t1="Hungary" t2="Austria"/>
    <connection t1="Hungary" t2="Czechoslovakia"/>
    <connection t1="Hungary" t2="Poland"/>
    <connection t1="Hungary" t2="East Poland"/>
    <connection t1="Hungary" t2="Bessarabia"/>
    <connection t1="Hungary" t2="Rumania"/>
    <connection t1="Hungary" t2="Yugoslavia"/>
    <connection t1="Yugoslavia" t2="Austria"/>
    <connection t1="Yugoslavia" t2="Rumania"/>
    <connection t1="Yugoslavia" t2="Bulgaria"/>
    <connection t1="Yugoslavia" t2="Greece"/>
    <connection t1="Bulgaria" t2="Rumania"/>
    <connection t1="Bulgaria" t2="Greece"/>
    <connection t1="Bulgaria" t2="Turkey"/>
    <connection t1="Greece" t2="Turkey"/>
    <connection t1="Morocco" t2="Spanish Morocco"/>
    <connection t1="Morocco" t2="Algeria"/>
    <connection t1="Algeria" t2="Tunisia"/>
    <connection t1="Tunisia" t2="Libya"/>
    <connection t1="Libya" t2="Egypt"/>
    <connection t1="Egypt" t2="Palestine"/>
    <connection t1="Palestine" t2="Trans-Jordan"/>
    <connection t1="Palestine" t2="Syria"/>
    <connection t1="Iran" t2="Syria"/>
    <connection t1="Trans-Jordan" t2="Syria"/>
    <connection t1="Trans-Jordan" t2="Iraq"/>
    <connection t1="Trans-Jordan" t2="Saudi Arabia"/>
    <connection t1="Iraq" t2="Iran"/>
    <connection t1="Iraq" t2="Syria"/>
    <connection t1="Turkey" t2="Greece"/>
    <connection t1="Turkey" t2="Bulgaria"/>
    <connection t1="Turkey" t2="Syria"/>
    <connection t1="Turkey" t2="Iran"/>
    <connection t1="Turkey" t2="Caucasus"/>
    <connection t1="Caucasus" t2="Iran"/>
    <connection t1="Caucasus" t2="Ukraine S.S.R."/>
    <connection t1="Caucasus" t2="Stalingrad"/>
    <connection t1="Caucasus" t2="Turkestan"/>
    <connection t1="Siberia" t2="Archangel"/>
    <connection t1="Siberia" t2="Russia"/>
    <connection t1="Siberia" t2="Turkestan"/>
    <connection t1="Moscow" t2="Russia"/>
    <connection t1="Moscow" t2="Belorussia"/>
    <connection t1="Moscow" t2="Turkestan"/>
    <connection t1="Stalingrad" t2="Turkestan"/>
    <connection t1="Stalingrad" t2="Belorussia"/>
    <connection t1="Stalingrad" t2="Ukraine S.S.R."/>
    <connection t1="Karelia" t2="Archangel"/>
    <connection t1="Karelia" t2="Russia"/>
    <connection t1="Karelia" t2="Archangel"/>
    <connection t1="Karelia" t2="Vyborg"/>
    <connection t1="Karelia" t2="Finland"/>
    <connection t1="Sweden" t2="Norway"/>
    <connection t1="Sweden" t2="Finland"/>
    <connection t1="Finland" t2="Vyborg"/>
    <connection t1="Finland" t2="Norway"/>
    <connection t1="Poland" t2="Baltic States"/>
    <connection t1="Poland" t2="East Poland"/>
    <connection t1="Poland" t2="Czechoslovakia"/>
    <connection t1="Poland" t2="Germany"/>
    <connection t1="Rumania" t2="Bessarabia"/>
    <connection t1="Rumania" t2="Ukraine S.S.R."/>
    <connection t1="Leningrad" t2="Vyborg"/>
    <connection t1="Leningrad" t2="Karelia"/>
    <connection t1="Leningrad" t2="Russia"/>
    <connection t1="Leningrad" t2="Baltic States"/>
    <connection t1="Leningrad" t2="Belorussia"/>
    <connection t1="East Poland" t2="Belorussia"/>
    <connection t1="Bessarabia" t2="East Poland"/>
    <connection t1="Bessarabia" t2="Ukraine S.S.R."/>
    <connection t1="East Poland" t2="Baltic States"/>
    <connection t1="East Poland" t2="Belorussia"/>
    <connection t1="Belorussia" t2="Baltic States"/>
    <connection t1="Belorussia" t2="Ukraine S.S.R."/>
    <connection t1="Belorussia" t2="Russia"/>
    <connection t1="Belorussia" t2="Turkestan"/>
    <connection t1="Ukraine S.S.R." t2="Caucasus"/>
    <connection t1="Ukraine S.S.R." t2="East Poland"/>
    <connection t1="Russia" t2="Archangel"/>
    <connection t1="Russia" t2="Turkestan"/>
    <connection t1="Czechoslovakia" t2="Austria"/>
    <connection t1="Eastern France" t2="Netherlands-Belgium"/>
    <connection t1="Eastern France" t2="Vichy France"/>
    <!-- Neutrals -->
    <connection t1="Germany" t2="Switzerland"/>
    <connection t1="Northern Italy" t2="Switzerland"/>
    <connection t1="Eastern France" t2="Switzerland"/>
    <connection t1="Vichy France" t2="Switzerland"/>
    <connection t1="Austria" t2="Switzerland"/>
    <!-- Pure Ocean Connections-->
    <connection t1="South Atlantic Sea Zone" t2="British Convoy 1 Sea Zone"/>
    <connection t1="South Atlantic Sea Zone" t2="Strait of Gibraltar Sea Zone"/>
    <connection t1="South Atlantic Sea Zone" t2="Central Atlantic Sea Zone"/>
    <connection t1="Central Atlantic Sea Zone" t2="British Convoy 1 Sea Zone"/>
    <connection t1="Central Atlantic Sea Zone" t2="British Convoy 2 Sea Zone"/>
    <connection t1="Central Atlantic Sea Zone" t2="U.S. Convoy 1 Sea Zone"/>
    <connection t1="Central Atlantic Sea Zone" t2="U.S. Eastern Coast Sea Zone"/>
    <connection t1="Central Atlantic Sea Zone" t2="Mid-Atlantic Sea Zone"/>
    <connection t1="Azores Sea Sea Zone" t2="British Convoy 1 Sea Zone"/>
    <connection t1="Azores Sea Sea Zone" t2="British Convoy 2 Sea Zone"/>
    <connection t1="Azores Sea Sea Zone" t2="British Convoy 3 Sea Zone"/>
    <connection t1="Azores Sea Sea Zone" t2="Strait of Gibraltar Sea Zone"/>
    <connection t1="Azores Sea Sea Zone" t2="Mid-Atlantic Sea Zone"/>
    <connection t1="Azores Sea Sea Zone" t2="Celtic Sea Sea Zone"/>
    <connection t1="Azores Sea Sea Zone" t2="Bay of Biscay Sea Zone"/>
    <connection t1="Azores Sea Sea Zone" t2="South Atlantic Sea Zone"/>
    <connection t1="Azores Sea Sea Zone" t2="Central Atlantic Sea Zone"/>
    <connection t1="Bay of Biscay Sea Zone" t2="English Channel Sea Zone"/>
    <connection t1="Bay of Biscay Sea Zone" t2="Celtic Sea Sea Zone"/>
    <connection t1="English Channel Sea Zone" t2="Celtic Sea Sea Zone"/>
    <connection t1="English Channel Sea Zone" t2="North Sea Sea Zone"/>
    <connection t1="English Channel Sea Zone" t2="Danish Sea Sea Zone"/>
    <connection t1="Danish Sea Sea Zone" t2="Baltic Sea Sea Zone"/>
    <connection t1="Danish Sea Sea Zone" t2="North Sea Sea Zone"/>
    <connection t1="North Sea Sea Zone" t2="Atlantic Sea Zone"/>
    <connection t1="North Sea Sea Zone" t2="Norwegian Sea Sea Zone"/>
    <connection t1="North Sea Sea Zone" t2="North Atlantic Sea Zone"/>
    <connection t1="Soviet Convoy Sea Zone" t2="Norwegian Sea Sea Zone"/>
    <connection t1="Soviet Convoy Sea Zone" t2="Barents Sea Sea Zone"/>
    <connection t1="Soviet Convoy Sea Zone" t2="North Atlantic Sea Zone"/>
    <connection t1="Norwegian Sea Sea Zone" t2="North Atlantic Sea Zone"/>
    <connection t1="Norwegian Sea Sea Zone" t2="Barents Sea Sea Zone"/>
    <connection t1="Barents Sea Sea Zone" t2="North Atlantic Sea Zone"/>
    <connection t1="Barents Sea Sea Zone" t2="White Sea Sea Zone"/>
    <connection t1="Denmark Strait Sea Zone" t2="North Atlantic Sea Zone"/>
    <connection t1="Denmark Strait Sea Zone" t2="Davis Strait Sea Zone"/>
    <connection t1="Denmark Strait Sea Zone" t2="Atlantic Sea Zone"/>
    <connection t1="Denmark Strait Sea Zone" t2="Halifax Sea Sea Zone"/>
    <connection t1="Denmark Strait Sea Zone" t2="British Convoy 4 Sea Zone"/>
    <connection t1="Davis Strait Sea Zone" t2="U.S. Eastern Coast Sea Zone"/>
    <connection t1="Davis Strait Sea Zone" t2="British Convoy 4 Sea Zone"/>
    <connection t1="Davis Strait Sea Zone" t2="Halifax Sea Sea Zone"/>
    <connection t1="Western Mediterranean Sea Zone" t2="Tyrrhenian Sea Sea Zone"/>
    <connection t1="Western Mediterranean Sea Zone" t2="Strait of Gibraltar Sea Zone"/>
    <connection t1="Mid-Atlantic Sea Zone" t2="Celtic Sea Sea Zone"/>
    <connection t1="Mid-Atlantic Sea Zone" t2="U.S. Eastern Coast Sea Zone"/>
    <connection t1="Mid-Atlantic Sea Zone" t2="Halifax Sea Sea Zone"/>
    <connection t1="Mid-Atlantic Sea Zone" t2="U.S. Convoy 2 Sea Zone"/>
    <connection t1="Mid-Atlantic Sea Zone" t2="U.S. Convoy 1 Sea Zone"/>
    <connection t1="Mid-Atlantic Sea Zone" t2="British Convoy 3 Sea Zone"/>
    <connection t1="Sicilian Sea Sea Zone" t2="Tyrrhenian Sea Sea Zone"/>
    <connection t1="Sicilian Sea Sea Zone" t2="Central Mediterranean Sea Zone"/>
    <connection t1="Sicilian Sea Sea Zone" t2="Western Mediterranean Sea Zone"/>
    <connection t1="Halifax Sea Sea Zone" t2="British Convoy 4 Sea Zone"/>
    <connection t1="Halifax Sea Sea Zone" t2="U.S. Convoy 2 Sea Zone"/>
    <connection t1="Halifax Sea Sea Zone" t2="Celtic Sea Sea Zone"/>
    <connection t1="Halifax Sea Sea Zone" t2="Atlantic Sea Zone"/>
    <connection t1="Halifax Sea Sea Zone" t2="U.S. Eastern Coast Sea Zone"/>
    <connection t1="Atlantic Sea Zone" t2="North Atlantic Sea Zone"/>
    <connection t1="Atlantic Sea Zone" t2="Celtic Sea Sea Zone"/>
    <connection t1="U.S. Eastern Coast Sea Zone" t2="U.S. Convoy 2 Sea Zone"/>
    <connection t1="U.S. Eastern Coast Sea Zone" t2="U.S. Convoy 1 Sea Zone"/>
    <connection t1="Eastern Mediterranean Sea Zone" t2="Central Mediterranean Sea Zone"/>
    <connection t1="Eastern Mediterranean Sea Zone" t2="Aegean Sea Sea Zone"/>
    <connection t1="Central Mediterranean Sea Zone" t2="Aegean Sea Sea Zone"/>
    <connection t1="Black Sea Sea Zone" t2="Aegean Sea Sea Zone"/>
    <!-- Ocean-Shoreline Connections-->
    <connection t1="South Atlantic Sea Zone" t2="Morocco"/>
    <connection t1="Strait of Gibraltar Sea Zone" t2="Morocco"/>
    <connection t1="Strait of Gibraltar Sea Zone" t2="Spanish Morocco"/>
    <connection t1="Strait of Gibraltar Sea Zone" t2="Gibraltar"/>
    <connection t1="Strait of Gibraltar Sea Zone" t2="Spain"/>
    <connection t1="Strait of Gibraltar Sea Zone" t2="Algeria"/>
    <connection t1="Western Mediterranean Sea Zone" t2="Spain"/>
    <connection t1="Western Mediterranean Sea Zone" t2="Vichy France"/>
    <connection t1="Western Mediterranean Sea Zone" t2="Algeria"/>
    <connection t1="Sicilian Sea Sea Zone" t2="Southern Italy"/>
    <connection t1="Sicilian Sea Sea Zone" t2="Sicily"/>
    <connection t1="Sicilian Sea Sea Zone" t2="Tunisia"/>
    <connection t1="Sicilian Sea Sea Zone" t2="Libya"/>
    <connection t1="Sicilian Sea Sea Zone" t2="Malta"/>
    <connection t1="Tyrrhenian Sea Sea Zone" t2="Corsica"/>
    <connection t1="Tyrrhenian Sea Sea Zone" t2="Sardinia"/>
    <connection t1="Tyrrhenian Sea Sea Zone" t2="Vichy France"/>
    <connection t1="Tyrrhenian Sea Sea Zone" t2="Northern Italy"/>
    <connection t1="Adriatic Sea Sea Zone" t2="Southern Italy"/>
    <connection t1="Adriatic Sea Sea Zone" t2="Northern Italy"/>
    <connection t1="Adriatic Sea Sea Zone" t2="Yugoslavia"/>
    <connection t1="Adriatic Sea Sea Zone" t2="Greece"/>
    <connection t1="Adriatic Sea Sea Zone" t2="Central Mediterranean Sea Zone"/>
    <connection t1="Central Mediterranean Sea Zone" t2="Southern Italy"/>
    <connection t1="Central Mediterranean Sea Zone" t2="Greece"/>
    <connection t1="Central Mediterranean Sea Zone" t2="Libya"/>
    <connection t1="Eastern Mediterranean Sea Zone" t2="Crete"/>
    <connection t1="Eastern Mediterranean Sea Zone" t2="Libya"/>
    <connection t1="Eastern Mediterranean Sea Zone" t2="Palestine"/>
    <connection t1="Eastern Mediterranean Sea Zone" t2="Egypt"/>
    <connection t1="Eastern Mediterranean Sea Zone" t2="Syria"/>
    <connection t1="Eastern Mediterranean Sea Zone" t2="Cyprus"/>
    <connection t1="Eastern Mediterranean Sea Zone" t2="Turkey"/>
    <connection t1="Aegean Sea Sea Zone" t2="Crete"/>
    <connection t1="Aegean Sea Sea Zone" t2="Greece"/>
    <connection t1="Aegean Sea Sea Zone" t2="Cyprus"/>
    <connection t1="Aegean Sea Sea Zone" t2="Turkey"/>
    <connection t1="Black Sea Sea Zone" t2="Bulgaria"/>
    <connection t1="Black Sea Sea Zone" t2="Rumania"/>
    <connection t1="Black Sea Sea Zone" t2="Ukraine S.S.R."/>
    <connection t1="Black Sea Sea Zone" t2="Caucasus"/>
    <connection t1="Black Sea Sea Zone" t2="Turkey"/>
    <connection t1="Bay of Biscay Sea Zone" t2="France"/>
    <connection t1="English Channel Sea Zone" t2="United Kingdom"/>
    <connection t1="English Channel Sea Zone" t2="France"/>
    <connection t1="English Channel Sea Zone" t2="Netherlands-Belgium"/>
    <connection t1="Celtic Sea Sea Zone" t2="Eire"/>
    <connection t1="Celtic Sea Sea Zone" t2="British Convoy 3 Sea Zone"/>
    <connection t1="Danish Sea Sea Zone" t2="Germany"/>
    <connection t1="Danish Sea Sea Zone" t2="Netherlands-Belgium"/>
    <connection t1="Danish Sea Sea Zone" t2="Denmark"/>
    <connection t1="Danish Sea Sea Zone" t2="Norway"/>
    <connection t1="Danish Sea Sea Zone" t2="Sweden"/>
    <connection t1="Baltic Sea Sea Zone" t2="Germany"/>
    <connection t1="Baltic Sea Sea Zone" t2="Poland"/>
    <connection t1="Baltic Sea Sea Zone" t2="Baltic States"/>
    <connection t1="Baltic Sea Sea Zone" t2="Vyborg"/>
    <connection t1="Baltic Sea Sea Zone" t2="Finland"/>
    <connection t1="Baltic Sea Sea Zone" t2="Sweden"/>
    <connection t1="Baltic Sea Sea Zone" t2="Leningrad"/>
    <connection t1="White Sea Sea Zone" t2="Karelia"/>
    <connection t1="White Sea Sea Zone" t2="Archangel"/>
    <connection t1="North Sea Sea Zone" t2="Norway"/>
    <connection t1="Norwegian Sea Sea Zone" t2="Norway"/>
    <connection t1="Barents Sea Sea Zone" t2="Norway"/>
    <connection t1="Barents Sea Sea Zone" t2="Finland"/>
    <connection t1="Denmark Strait Sea Zone" t2="Iceland"/>
    <connection t1="U.S. Eastern Coast Sea Zone" t2="United States"/>
    <connection t1="Davis Strait Sea Zone" t2="Canada"/>
    <connection t1="United Kingdom" t2="Celtic Sea Sea Zone"/>
    <connection t1="United Kingdom" t2="English Channel Sea Zone"/>
    <connection t1="United Kingdom" t2="North Sea Sea Zone"/>
    <connection t1="United Kingdom" t2="Atlantic Sea Zone"/>
  </map>
  <resourceList>
    <resource name="PUs"/>
  </resourceList>
  <playerList>
    <!-- In turn order -->
    <player name="Germans" optional="false"/>
    <player name="Russians" optional="false"/>
    <player name="British" optional="false"/>
    <player name="Americans" optional="false"/>
    <player name="Middle_East" optional="true"/>
    <!-- alliances -->
    <alliance player="Germans" alliance="Axis"/>
    <alliance player="British" alliance="Allies"/>
    <alliance player="Russians" alliance="Allies"/>
    <alliance player="Americans" alliance="Allies"/>
    <alliance player="Middle_East" alliance="Allies"/>
  </playerList>
  <unitList>
    <unit name="infantry"/>
    <unit name="armour"/>
    <unit name="fighter"/>
    <unit name="bomber"/>
    <unit name="transport"/>
    <unit name="battleship"/>
    <unit name="carrier"/>
    <unit name="submarine"/>
    <unit name="factory"/>
    <unit name="aaGun"/>
    <unit name="artillery"/>
    <unit name="destroyer"/>
    <unit name="aaGunSBR1"/>
    <unit name="aaGunSBR2"/>
    <unit name="aaGunSBR3"/>
    <unit name="aaGunSBR4"/>
    <unit name="aaGunSBR5"/>
    <unit name="aaGunSBR6"/>
    <unit name="aaGunSBR7"/>
    <unit name="aaGunSBR8"/>
    <unit name="aaGunSBR9"/>
    <unit name="aaGunSBR10"/>
  </unitList>
  <gamePlay>
    <delegate name="initDelegate" javaClass="games.strategy.triplea.delegate.InitializationDelegate" display="Initializing Delegates"/>
    <delegate name="battle" javaClass="games.strategy.triplea.delegate.BattleDelegate" display="Combat"/>
    <delegate name="move" javaClass="games.strategy.triplea.delegate.MoveDelegate" display="Combat Move"/>
    <delegate name="place" javaClass="games.strategy.triplea.delegate.PlaceDelegate" display="Place Units"/>
    <delegate name="purchase" javaClass="games.strategy.triplea.delegate.PurchaseDelegate" display="Purchase Units"/>
    <delegate name="endTurn" javaClass="games.strategy.triplea.delegate.EndTurnDelegate" display="Turn Complete"/>
    <delegate name="endRound" javaClass="games.strategy.triplea.delegate.EndRoundDelegate" display="Round Complete"/>
    <delegate name="placeBid" javaClass="games.strategy.triplea.delegate.BidPlaceDelegate" display="Bid Placement"/>
    <delegate name="bid" javaClass="games.strategy.triplea.delegate.BidPurchaseDelegate" display="Bid Purchase"/>
    <sequence>
      <step name="gameInitDelegate" delegate="initDelegate" maxRunCount="1"/>
      <step name="germanBid" delegate="bid" player="Germans" maxRunCount="1"/>
      <step name="germanBidPlace" delegate="placeBid" player="Germans" maxRunCount="1"/>
      <step name="russianBid" delegate="bid" player="Russians" maxRunCount="1"/>
      <step name="russianBidPlace" delegate="placeBid" player="Russians" maxRunCount="1"/>
      <step name="britishBid" delegate="bid" player="British" maxRunCount="1"/>
      <step name="britishBidPlace" delegate="placeBid" player="British" maxRunCount="1"/>
      <step name="americanBid" delegate="bid" player="Americans" maxRunCount="1"/>
      <step name="americanBidPlace" delegate="placeBid" player="Americans" maxRunCount="1"/>
      <!-- German Game Sequence -->
      <step name="germansPurchase" delegate="purchase" player="Germans"/>
      <step name="germansCombatMove" delegate="move" player="Germans"/>
      <step name="germansBattle" delegate="battle" player="Germans"/>
      <step name="germansNonCombatMove" delegate="move" player="Germans" display="Non Combat Move"/>
      <step name="germansPlace" delegate="place" player="Germans"/>
      <step name="germansEndTurn" delegate="endTurn" player="Germans"/>
      <!-- Russians Game Sequence -->
      <step name="russiansPurchase" delegate="purchase" player="Russians"/>
      <step name="russiansCombatMove" delegate="move" player="Russians"/>
      <step name="russiansBattle" delegate="battle" player="Russians"/>
      <step name="russiansNonCombatMove" delegate="move" player="Russians" display="Non Combat Move"/>
      <step name="russiansPlace" delegate="place" player="Russians"/>
      <step name="russiansEndTurn" delegate="endTurn" player="Russians"/>
      <!-- British Game Sequence -->
      <step name="britishPurchase" delegate="purchase" player="British"/>
      <step name="britishCombatMove" delegate="move" player="British"/>
      <step name="britishBattle" delegate="battle" player="British"/>
      <step name="britishNonCombatMove" delegate="move" player="British" display="Non Combat Move"/>
      <step name="britishPlace" delegate="place" player="British"/>
      <step name="britishEndTurn" delegate="endTurn" player="British"/>
      <!-- Americans Game Sequence -->
      <step name="americansPurchase" delegate="purchase" player="Americans"/>
      <step name="americansCombatMove" delegate="move" player="Americans"/>
      <step name="americansBattle" delegate="battle" player="Americans"/>
      <step name="americansNonCombatMove" delegate="move" player="Americans" display="Non Combat Move"/>
      <step name="americansPlace" delegate="place" player="Americans"/>
      <step name="americansEndTurn" delegate="endTurn" player="Americans"/>
      <step name="endRoundStep" delegate="endRound"/>
    </sequence>
  </gamePlay>
  <production>
    <productionRule name="buyInfantry">
      <cost resource="PUs" quantity="3"/>
      <result resourceOrUnit="infantry" quantity="1"/>
    </productionRule>
    <productionRule name="buyArtillery">
      <cost resource="PUs" quantity="4"/>
      <result resourceOrUnit="artillery" quantity="1"/>
    </productionRule>
    <productionRule name="buyArmour">
      <cost resource="PUs" quantity="5"/>
      <result resourceOrUnit="armour" quantity="1"/>
    </productionRule>
    <productionRule name="buyFighter">
      <cost resource="PUs" quantity="12"/>
      <result resourceOrUnit="fighter" quantity="1"/>
    </productionRule>
    <productionRule name="buyBomber">
      <cost resource="PUs" quantity="15"/>
      <result resourceOrUnit="bomber" quantity="1"/>
    </productionRule>
    <productionRule name="buyTransport">
      <cost resource="PUs" quantity="8"/>
      <result resourceOrUnit="transport" quantity="1"/>
    </productionRule>
    <productionRule name="buyDestroyer">
      <cost resource="PUs" quantity="12"/>
      <result resourceOrUnit="destroyer" quantity="1"/>
    </productionRule>
    <productionRule name="buyCarrier">
      <cost resource="PUs" quantity="18"/>
      <result resourceOrUnit="carrier" quantity="1"/>
    </productionRule>
    <productionRule name="buyBattleship">
      <cost resource="PUs" quantity="24"/>
      <result resourceOrUnit="battleship" quantity="1"/>
    </productionRule>
    <productionRule name="buySubmarine">
      <cost resource="PUs" quantity="8"/>
      <result resourceOrUnit="submarine" quantity="1"/>
    </productionRule>
    <productionRule name="buyFactory">
      <cost resource="PUs" quantity="15"/>
      <result resourceOrUnit="factory" quantity="1"/>
    </productionRule>
    <productionRule name="buyAAGun">
      <cost resource="PUs" quantity="5"/>
      <result resourceOrUnit="aaGun" quantity="1"/>
    </productionRule>

    <!-- advanced industrial production -->
    <productionFrontier name="production">
      <frontierRules name="buyInfantry"/>
      <frontierRules name="buyArtillery"/>
      <frontierRules name="buyArmour"/>
      <frontierRules name="buyFighter"/>
      <frontierRules name="buyBomber"/>
      <frontierRules name="buyTransport"/>
      <frontierRules name="buySubmarine"/>
      <frontierRules name="buyDestroyer"/>
      <frontierRules name="buyCarrier"/>
      <frontierRules name="buyBattleship"/>
      <frontierRules name="buyAAGun"/>
    </productionFrontier>

    <playerProduction player="British" frontier="production"/>
    <playerProduction player="Americans" frontier="production"/>
    <playerProduction player="Germans" frontier="production"/>
    <playerProduction player="Russians" frontier="production"/>
  </production>
  <attachmentList>
    <attachment name="unitAttachment" attachTo="infantry" javaClass="games.strategy.triplea.attachments.UnitAttachment" type="unitType">
      <option name="movement" value="1"/>
      <option name="transportCost" value="2"/>
      <option name="attack" value="1"/>
      <option name="defense" value="2"/>
      <option name="artillerySupportable" value="true"/>
      <option name="canBeGivenByTerritoryTo" value="Russians"/>
    </attachment>
    <attachment name="unitAttachment" attachTo="artillery" javaClass="games.strategy.triplea.attachments.UnitAttachment" type="unitType">
      <option name="movement" value="1"/>
      <option name="transportCost" value="2"/>
      <option name="attack" value="2"/>
      <option name="defense" value="2"/>
      <option name="artillery" value="true"/>
      <option name="canBeGivenByTerritoryTo" value="Russians"/>
    </attachment>
    <attachment name="unitAttachment" attachTo="armour" javaClass="games.strategy.triplea.attachments.UnitAttachment" type="unitType">
      <option name="movement" value="2"/>
      <option name="transportCost" value="3"/>
      <option name="canBlitz" value="true"/>
      <option name="attack" value="3"/>
      <option name="defense" value="2"/>
      <option name="canBeGivenByTerritoryTo" value="Russians"/>
    </attachment>
    <attachment name="unitAttachment" attachTo="fighter" javaClass="games.strategy.triplea.attachments.UnitAttachment" type="unitType">
      <option name="movement" value="4"/>
      <option name="carrierCost" value="1"/>
      <option name="isAir" value="true"/>
      <option name="attack" value="3"/>
      <option name="defense" value="4"/>
      <option name="canBeGivenByTerritoryTo" value="Russians"/>
      <option name="canIntercept" value="true"/>
      <option name="canEscort" value="true"/>
      <option name="airDefense" value="2"/>
      <option name="airAttack" value="1"/>
    </attachment>
    <attachment name="unitAttachment" attachTo="bomber" javaClass="games.strategy.triplea.attachments.UnitAttachment" type="unitType">
      <option name="movement" value="6"/>
      <option name="isAir" value="true"/>
      <option name="attack" value="4"/>
      <option name="defense" value="1"/>
      <option name="isStrategicBomber" value="true"/>
      <option name="canBeGivenByTerritoryTo" value="Russians"/>
    </attachment>
    <attachment name="unitAttachment" attachTo="transport" javaClass="games.strategy.triplea.attachments.UnitAttachment" type="unitType">
      <option name="movement" value="2"/>
      <option name="isSea" value="true"/>
      <option name="transportCapacity" value="4"/>
      <option name="attack" value="0"/>
      <option name="defense" value="1"/>
    </attachment>
    <attachment name="unitAttachment" attachTo="destroyer" javaClass="games.strategy.triplea.attachments.UnitAttachment" type="unitType">
      <option name="isDestroyer" value="true"/>
      <option name="movement" value="2"/>
      <option name="isSea" value="true"/>
      <option name="attack" value="3"/>
      <option name="defense" value="3"/>
      <option name="canBombard" value="true"/>
      <option name="bombard" value="2"/>
    </attachment>
    <attachment name="unitAttachment" attachTo="battleship" javaClass="games.strategy.triplea.attachments.UnitAttachment" type="unitType">
      <option name="movement" value="2"/>
      <option name="isSea" value="true"/>
      <option name="attack" value="4"/>
      <option name="defense" value="4"/>
      <option name="canBombard" value="true"/>
      <option name="hitPoints" value="2"/>
    </attachment>
    <attachment name="unitAttachment" attachTo="carrier" javaClass="games.strategy.triplea.attachments.UnitAttachment" type="unitType">
      <option name="carrierCapacity" value="2"/>
      <option name="movement" value="2"/>
      <option name="isSea" value="true"/>
      <option name="attack" value="1"/>
      <option name="defense" value="3"/>
    </attachment>
    <attachment name="unitAttachment" attachTo="submarine" javaClass="games.strategy.triplea.attachments.UnitAttachment" type="unitType">
      <option name="canEvade" value="true"/>
      <option name="isFirstStrike" value="true"/>
      <option name="canNotTarget" value="fighter:bomber"/>
      <option name="canNotBeTargetedBy" value="fighter:bomber"/>
      <option name="canMoveThroughEnemies" value="false"/>
      <option name="canBeMovedThroughByEnemies" value="false"/>
      <option name="movement" value="2"/>
      <option name="isSea" value="true"/>
      <option name="attack" value="2"/>
      <option name="defense" value="2"/>
    </attachment>
    <attachment name="unitAttachment" attachTo="factory" javaClass="games.strategy.triplea.attachments.UnitAttachment" type="unitType">
      <option name="isFactory" value="true"/>
    </attachment>
    <attachment name="unitAttachment" attachTo="aaGun" javaClass="games.strategy.triplea.attachments.UnitAttachment" type="unitType">
      <option name="isAA" value="true"/>
      <option name="transportCost" value="2"/>
      <option name="movement" value="1"/>
      <option name="canBeGivenByTerritoryTo" value="Russians"/>
    </attachment>

    <attachment name="unitAttachment" attachTo="aaGunSBR1" javaClass="games.strategy.triplea.attachments.UnitAttachment" type="unitType">
      <option name="isAir" value="true"/>
      <option name="defenseRolls" value="1"/>
      <option name="movement" value="0"/>
      <option name="canIntercept" value="true"/>
      <option name="airDefense" value="1"/>
     <option name="isSuicide" value="true"/>
    </attachment>

    <attachment name="unitAttachment" attachTo="aaGunSBR2" javaClass="games.strategy.triplea.attachments.UnitAttachment" type="unitType">
      <option name="isAir" value="true"/>
      <option name="defenseRolls" value="2"/>
      <option name="movement" value="0"/>
      <option name="canIntercept" value="true"/>
      <option name="airDefense" value="1"/>
     <option name="isSuicide" value="true"/>
    </attachment>

    <attachment name="unitAttachment" attachTo="aaGunSBR3" javaClass="games.strategy.triplea.attachments.UnitAttachment" type="unitType">
      <option name="isAir" value="true"/>
      <option name="defenseRolls" value="3"/>
      <option name="movement" value="0"/>
      <option name="canIntercept" value="true"/>
      <option name="airDefense" value="1"/>
     <option name="isSuicide" value="true"/>
    </attachment>

    <attachment name="unitAttachment" attachTo="aaGunSBR4" javaClass="games.strategy.triplea.attachments.UnitAttachment" type="unitType">
      <option name="isAir" value="true"/>
      <option name="defenseRolls" value="4"/>
      <option name="movement" value="0"/>
      <option name="canIntercept" value="true"/>
      <option name="airDefense" value="1"/>
     <option name="isSuicide" value="true"/>
    </attachment>

    <attachment name="unitAttachment" attachTo="aaGunSBR5" javaClass="games.strategy.triplea.attachments.UnitAttachment" type="unitType">
      <option name="isAir" value="true"/>
      <option name="defenseRolls" value="5"/>
      <option name="movement" value="0"/>
      <option name="canIntercept" value="true"/>
      <option name="airDefense" value="1"/>
     <option name="isSuicide" value="true"/>
    </attachment>

    <attachment name="unitAttachment" attachTo="aaGunSBR6" javaClass="games.strategy.triplea.attachments.UnitAttachment" type="unitType">
      <option name="isAir" value="true"/>
      <option name="defenseRolls" value="6"/>
      <option name="movement" value="0"/>
      <option name="canIntercept" value="true"/>
      <option name="airDefense" value="1"/>
     <option name="isSuicide" value="true"/>
    </attachment>

    <attachment name="unitAttachment" attachTo="aaGunSBR7" javaClass="games.strategy.triplea.attachments.UnitAttachment" type="unitType">
      <option name="isAir" value="true"/>
      <option name="defenseRolls" value="7"/>
      <option name="movement" value="0"/>
      <option name="canIntercept" value="true"/>
      <option name="airDefense" value="1"/>
     <option name="isSuicide" value="true"/>
    </attachment>

    <attachment name="unitAttachment" attachTo="aaGunSBR8" javaClass="games.strategy.triplea.attachments.UnitAttachment" type="unitType">
      <option name="isAir" value="true"/>
      <option name="defenseRolls" value="8"/>
      <option name="movement" value="0"/>
      <option name="canIntercept" value="true"/>
      <option name="airDefense" value="1"/>
     <option name="isSuicide" value="true"/>
    </attachment>

    <attachment name="unitAttachment" attachTo="aaGunSBR9" javaClass="games.strategy.triplea.attachments.UnitAttachment" type="unitType">
      <option name="isAir" value="true"/>
      <option name="defenseRolls" value="9"/>
      <option name="movement" value="0"/>
      <option name="canIntercept" value="true"/>
      <option name="airDefense" value="1"/>
     <option name="isSuicide" value="true"/>
    </attachment>

    <attachment name="unitAttachment" attachTo="aaGunSBR10" javaClass="games.strategy.triplea.attachments.UnitAttachment" type="unitType">
      <option name="isAir" value="true"/>
      <option name="defenseRolls" value="10"/>
      <option name="movement" value="0"/>
      <option name="canIntercept" value="true"/>
      <option name="airDefense" value="1"/>
     <option name="isSuicide" value="true"/>
    </attachment>



    <!-- German IC -->
    <attachment name="territoryAttachment" attachTo="Germany" javaClass="games.strategy.triplea.attachments.TerritoryAttachment" type="territory">
      <option name="production" value="6"/>
      <option name="originalFactory" value="true"/>
      <option name="capital" value="Germans"/>
      <option name="victoryCity" value="1"/>
    </attachment>
    <attachment name="territoryAttachment" attachTo="Eastern France" javaClass="games.strategy.triplea.attachments.TerritoryAttachment" type="territory">
      <option name="production" value="2"/>
    </attachment>
    <attachment name="territoryAttachment" attachTo="France" javaClass="games.strategy.triplea.attachments.TerritoryAttachment" type="territory">
      <option name="production" value="3"/>
    </attachment>
    <attachment name="territoryAttachment" attachTo="Bulgaria" javaClass="games.strategy.triplea.attachments.TerritoryAttachment" type="territory">
      <option name="production" value="1"/>
    </attachment>
    <attachment name="territoryAttachment" attachTo="Baltic States" javaClass="games.strategy.triplea.attachments.TerritoryAttachment" type="territory">
      <option name="production" value="1"/>
    </attachment>
    <attachment name="territoryAttachment" attachTo="Northern Italy" javaClass="games.strategy.triplea.attachments.TerritoryAttachment" type="territory">
      <option name="production" value="4"/>
      <option name="originalFactory" value="true"/>
    </attachment>
    <attachment name="territoryAttachment" attachTo="Palestine" javaClass="games.strategy.triplea.attachments.TerritoryAttachment" type="territory">
      <option name="production" value="0"/>
    </attachment>
    <attachment name="territoryAttachment" attachTo="Vyborg" javaClass="games.strategy.triplea.attachments.TerritoryAttachment" type="territory">
      <option name="production" value="0"/>
      <option name="changeUnitOwners" value="Russians"/>    </attachment>
    <attachment name="territoryAttachment" attachTo="Czechoslovakia" javaClass="games.strategy.triplea.attachments.TerritoryAttachment" type="territory">
      <option name="production" value="2"/>
    </attachment>
    <attachment name="territoryAttachment" attachTo="Tunisia" javaClass="games.strategy.triplea.attachments.TerritoryAttachment" type="territory">
      <option name="production" value="1"/>
    </attachment>
    <attachment name="territoryAttachment" attachTo="Ukraine S.S.R." javaClass="games.strategy.triplea.attachments.TerritoryAttachment" type="territory">
      <option name="production" value="2"/>
    </attachment>
    <attachment name="territoryAttachment" attachTo="Iceland" javaClass="games.strategy.triplea.attachments.TerritoryAttachment" type="territory">
      <option name="production" value="0"/>
    </attachment>
    <attachment name="territoryAttachment" attachTo="Sicily" javaClass="games.strategy.triplea.attachments.TerritoryAttachment" type="territory">
      <option name="production" value="0"/>
    </attachment>
    <attachment name="territoryAttachment" attachTo="Iraq" javaClass="games.strategy.triplea.attachments.TerritoryAttachment" type="territory">
      <option name="production" value="2"/>
    </attachment>
    <attachment name="territoryAttachment" attachTo="Gibraltar" javaClass="games.strategy.triplea.attachments.TerritoryAttachment" type="territory">
      <option name="production" value="0"/>
    </attachment>
    <attachment name="territoryAttachment" attachTo="Hungary" javaClass="games.strategy.triplea.attachments.TerritoryAttachment" type="territory">
      <option name="production" value="2"/>
    </attachment>
    <attachment name="territoryAttachment" attachTo="Turkey" javaClass="games.strategy.triplea.attachments.TerritoryAttachment" type="territory">
      <option name="production" value="0"/>
    </attachment>
    <attachment name="territoryAttachment" attachTo="Spanish Morocco" javaClass="games.strategy.triplea.attachments.TerritoryAttachment" type="territory">
      <option name="production" value="0"/>
    </attachment>
    <attachment name="territoryAttachment" attachTo="Caucasus" javaClass="games.strategy.triplea.attachments.TerritoryAttachment" type="territory">
      <option name="production" value="4"/>
    </attachment>
    <attachment name="territoryAttachment" attachTo="Southern Italy" javaClass="games.strategy.triplea.attachments.TerritoryAttachment" type="territory">
      <option name="production" value="2"/>
    </attachment>
    <attachment name="territoryAttachment" attachTo="Egypt" javaClass="games.strategy.triplea.attachments.TerritoryAttachment" type="territory">
      <option name="production" value="1"/>
    </attachment>
    <attachment name="territoryAttachment" attachTo="Iran" javaClass="games.strategy.triplea.attachments.TerritoryAttachment" type="territory">
      <option name="production" value="2"/>
    </attachment>
    <attachment name="territoryAttachment" attachTo="Denmark" javaClass="games.strategy.triplea.attachments.TerritoryAttachment" type="territory">
      <option name="production" value="1"/>
    </attachment>
    <attachment name="territoryAttachment" attachTo="Spain" javaClass="games.strategy.triplea.attachments.TerritoryAttachment" type="territory">
      <option name="production" value="0"/>
    </attachment>
    <attachment name="territoryAttachment" attachTo="Turkestan" javaClass="games.strategy.triplea.attachments.TerritoryAttachment" type="territory">
      <option name="production" value="2"/>
    </attachment>
    <attachment name="territoryAttachment" attachTo="Algeria" javaClass="games.strategy.triplea.attachments.TerritoryAttachment" type="territory">
      <option name="production" value="1"/>
    </attachment>
    <attachment name="territoryAttachment" attachTo="Archangel" javaClass="games.strategy.triplea.attachments.TerritoryAttachment" type="territory">
      <option name="production" value="1"/>
      <option name="originalFactory" value="true"/>
      <option name="changeUnitOwners" value="Russians"/>
    </attachment>
    <attachment name="territoryAttachment" attachTo="Cyprus" javaClass="games.strategy.triplea.attachments.TerritoryAttachment" type="territory">
      <option name="production" value="0"/>
    </attachment>
    <attachment name="territoryAttachment" attachTo="Eire" javaClass="games.strategy.triplea.attachments.TerritoryAttachment" type="territory">
      <option name="production" value="0"/>
    </attachment>
    <attachment name="territoryAttachment" attachTo="Austria" javaClass="games.strategy.triplea.attachments.TerritoryAttachment" type="territory">
      <option name="production" value="2"/>
    </attachment>
    <attachment name="territoryAttachment" attachTo="Sweden" javaClass="games.strategy.triplea.attachments.TerritoryAttachment" type="territory">
      <option name="production" value="0"/>
    </attachment>
    <attachment name="territoryAttachment" attachTo="Siberia" javaClass="games.strategy.triplea.attachments.TerritoryAttachment" type="territory">
      <option name="production" value="2"/>
    </attachment>
    <attachment name="territoryAttachment" attachTo="Libya" javaClass="games.strategy.triplea.attachments.TerritoryAttachment" type="territory">
      <option name="production" value="1"/>
    </attachment>
    <attachment name="territoryAttachment" attachTo="Canada" javaClass="games.strategy.triplea.attachments.TerritoryAttachment" type="territory">
      <option name="production" value="3"/>
      <option name="originalFactory" value="true"/>
    </attachment>
    <attachment name="territoryAttachment" attachTo="Belorussia" javaClass="games.strategy.triplea.attachments.TerritoryAttachment" type="territory">
      <option name="production" value="1"/>
    </attachment>
    <attachment name="territoryAttachment" attachTo="Corsica" javaClass="games.strategy.triplea.attachments.TerritoryAttachment" type="territory">
      <option name="production" value="0"/>
    </attachment>
    <attachment name="territoryAttachment" attachTo="Russia" javaClass="games.strategy.triplea.attachments.TerritoryAttachment" type="territory">
      <option name="production" value="1"/>
    </attachment>
    <attachment name="territoryAttachment" attachTo="Rumania" javaClass="games.strategy.triplea.attachments.TerritoryAttachment" type="territory">
      <option name="production" value="1"/>
    </attachment>
    <attachment name="territoryAttachment" attachTo="Syria" javaClass="games.strategy.triplea.attachments.TerritoryAttachment" type="territory">
      <option name="production" value="1"/>
    </attachment>
    <attachment name="territoryAttachment" attachTo="United States" javaClass="games.strategy.triplea.attachments.TerritoryAttachment" type="territory">
      <option name="production" value="30"/>
    </attachment>
    <attachment name="territoryAttachment" attachTo="Stalingrad" javaClass="games.strategy.triplea.attachments.TerritoryAttachment" type="territory">
      <option name="production" value="1"/>
      <option name="originalFactory" value="true"/>
      <option name="changeUnitOwners" value="Russians"/>
    </attachment>
    <attachment name="territoryAttachment" attachTo="Greece" javaClass="games.strategy.triplea.attachments.TerritoryAttachment" type="territory">
      <option name="production" value="1"/>
    </attachment>
    <attachment name="territoryAttachment" attachTo="Poland" javaClass="games.strategy.triplea.attachments.TerritoryAttachment" type="territory">
      <option name="production" value="2"/>
    </attachment>
    <attachment name="territoryAttachment" attachTo="Switzerland" javaClass="games.strategy.triplea.attachments.TerritoryAttachment" type="territory">
      <option name="production" value="0"/>
    </attachment>
    <attachment name="territoryAttachment" attachTo="Norway" javaClass="games.strategy.triplea.attachments.TerritoryAttachment" type="territory">
      <option name="production" value="2"/>
    </attachment>
    <attachment name="territoryAttachment" attachTo="Leningrad" javaClass="games.strategy.triplea.attachments.TerritoryAttachment" type="territory">
      <option name="production" value="1"/>
      <option name="originalFactory" value="true"/>
      <option name="changeUnitOwners" value="Russians"/>
    </attachment>
    <attachment name="territoryAttachment" attachTo="Crete" javaClass="games.strategy.triplea.attachments.TerritoryAttachment" type="territory">
      <option name="production" value="0"/>
    </attachment>
    <attachment name="territoryAttachment" attachTo="Vichy France" javaClass="games.strategy.triplea.attachments.TerritoryAttachment" type="territory">
      <option name="production" value="1"/>
    </attachment>
    <attachment name="territoryAttachment" attachTo="Bessarabia" javaClass="games.strategy.triplea.attachments.TerritoryAttachment" type="territory">
      <option name="production" value="0"/>
    </attachment>
    <attachment name="territoryAttachment" attachTo="Morocco" javaClass="games.strategy.triplea.attachments.TerritoryAttachment" type="territory">
      <option name="production" value="1"/>
    </attachment>
    <attachment name="territoryAttachment" attachTo="Trans-Jordan" javaClass="games.strategy.triplea.attachments.TerritoryAttachment" type="territory">
      <option name="production" value="2"/>
    </attachment>
    <attachment name="territoryAttachment" attachTo="Finland" javaClass="games.strategy.triplea.attachments.TerritoryAttachment" type="territory">
      <option name="production" value="1"/>
    </attachment>
    <attachment name="territoryAttachment" attachTo="Sardinia" javaClass="games.strategy.triplea.attachments.TerritoryAttachment" type="territory">
      <option name="production" value="0"/>
    </attachment>
    <attachment name="territoryAttachment" attachTo="United Kingdom" javaClass="games.strategy.triplea.attachments.TerritoryAttachment" type="territory">
      <option name="production" value="6"/>
    </attachment>
    <attachment name="territoryAttachment" attachTo="Saudi Arabia" javaClass="games.strategy.triplea.attachments.TerritoryAttachment" type="territory">
      <option name="production" value="0"/>
    </attachment>
    <attachment name="territoryAttachment" attachTo="Netherlands-Belgium" javaClass="games.strategy.triplea.attachments.TerritoryAttachment" type="territory">
      <option name="production" value="2"/>
    </attachment>
    <attachment name="territoryAttachment" attachTo="Malta" javaClass="games.strategy.triplea.attachments.TerritoryAttachment" type="territory">
      <option name="production" value="0"/>
    </attachment>
    <attachment name="territoryAttachment" attachTo="Karelia" javaClass="games.strategy.triplea.attachments.TerritoryAttachment" type="territory">
      <option name="production" value="1"/>
    </attachment>
    <attachment name="territoryAttachment" attachTo="Yugoslavia" javaClass="games.strategy.triplea.attachments.TerritoryAttachment" type="territory">
      <option name="production" value="1"/>
    </attachment>
    <attachment name="territoryAttachment" attachTo="East Poland" javaClass="games.strategy.triplea.attachments.TerritoryAttachment" type="territory">
      <option name="production" value="1"/>
    </attachment>
    <!-- Capitol Moscow-->
    <attachment name="territoryAttachment" attachTo="Moscow" javaClass="games.strategy.triplea.attachments.TerritoryAttachment" type="territory">
      <option name="production" value="2"/>
      <option name="originalFactory" value="true"/>
      <option name="capital" value="Russians"/>
      <option name="changeUnitOwners" value="Russians"/>
      <option name="victoryCity" value="1"/>
    </attachment>
    <attachment name="territoryAttachment" attachTo="United Kingdom" javaClass="games.strategy.triplea.attachments.TerritoryAttachment" type="territory">
      <option name="production" value="6"/>
      <option name="originalFactory" value="true"/>
      <option name="capital" value="British"/>
      <option name="victoryCity" value="1"/>
    </attachment>
    <attachment name="territoryAttachment" attachTo="United States" javaClass="games.strategy.triplea.attachments.TerritoryAttachment" type="territory">
      <option name="production" value="30"/>
      <option name="originalFactory" value="true"/>
      <option name="capital" value="Americans"/>
      <option name="victoryCity" value="1"/>
    </attachment>
    <attachment name="territoryAttachment" attachTo="Saudi Arabia" javaClass="games.strategy.triplea.attachments.TerritoryAttachment" type="territory">
      <option name="capital" value="Middle_East"/>
    </attachment>
   
    <!-- Convoy Center Attachements -->
    <attachment name="territoryAttachment" attachTo="British Convoy 1 Sea Zone" javaClass="games.strategy.triplea.attachments.TerritoryAttachment" type="territory">
      <option name="production" value="3"/>
    </attachment>
    <attachment name="territoryAttachment" attachTo="British Convoy 2 Sea Zone" javaClass="games.strategy.triplea.attachments.TerritoryAttachment" type="territory">
      <option name="production" value="3"/>
    </attachment>
    <attachment name="territoryAttachment" attachTo="British Convoy 3 Sea Zone" javaClass="games.strategy.triplea.attachments.TerritoryAttachment" type="territory">
      <option name="production" value="5"/>
    </attachment>
    <attachment name="territoryAttachment" attachTo="British Convoy 4 Sea Zone" javaClass="games.strategy.triplea.attachments.TerritoryAttachment" type="territory">
      <option name="production" value="5"/>
    </attachment>
    <attachment name="territoryAttachment" attachTo="U.S. Convoy 1 Sea Zone" javaClass="games.strategy.triplea.attachments.TerritoryAttachment" type="territory">
      <option name="production" value="4"/>
    </attachment>
    <attachment name="territoryAttachment" attachTo="U.S. Convoy 2 Sea Zone" javaClass="games.strategy.triplea.attachments.TerritoryAttachment" type="territory">
      <option name="production" value="6"/>
    </attachment>
    <attachment name="territoryAttachment" attachTo="Soviet Convoy Sea Zone" javaClass="games.strategy.triplea.attachments.TerritoryAttachment" type="territory">
      <option name="production" value="4"/>
    </attachment>
    <!-- Canals -->
    <attachment name="canalAttachment" attachTo="Black Sea Sea Zone" javaClass="games.strategy.triplea.attachments.CanalAttachment" type="territory">
      <option name="canalName" value="The Bosphorus"/>
      <option name="landTerritories" value="Turkey"/>
    </attachment>
    <attachment name="canalAttachment" attachTo="Aegean Sea Sea Zone" javaClass="games.strategy.triplea.attachments.CanalAttachment" type="territory">
      <option name="canalName" value="The Bosphorus"/>
      <option name="landTerritories" value="Turkey"/>
    </attachment>
    <!--  Rules Restrictions -->
    <attachment name="rulesAttachment" attachTo="Germans" javaClass="games.strategy.triplea.attachments.RulesAttachment" type="player">
      <option name="unlimitedProduction" value="true"/>
    </attachment>
    <attachment name="rulesAttachment" attachTo="Russians" javaClass="games.strategy.triplea.attachments.RulesAttachment" type="player">
      <option name="unlimitedProduction" value="true"/>
    </attachment>
    <attachment name="rulesAttachment" attachTo="British" javaClass="games.strategy.triplea.attachments.RulesAttachment" type="player">
      <option name="unlimitedProduction" value="true"/>
    </attachment>
    <attachment name="rulesAttachment" attachTo="Americans" javaClass="games.strategy.triplea.attachments.RulesAttachment" type="player">
      <option name="unlimitedProduction" value="true"/>
    </attachment>
    <attachment name="playerAttachment" attachTo="Americans" javaClass="games.strategy.triplea.attachments.PlayerAttachment" type="player">
      <option name="giveUnitControl" value="Russians"/>	
    </attachment>
    <attachment name="playerAttachment" attachTo="British" javaClass="games.strategy.triplea.attachments.PlayerAttachment" type="player">
      <option name="giveUnitControl" value="Russians"/>	
    </attachment>
	<!-- Victory Conditions -->
		<!-- German Victory -->
	<attachment name="conditionAttachmentGermanVictorySwitch" attachTo="Germans" javaClass="RulesAttachment" type="player">
		<option name="switch" value="false"/>
	</attachment>
		
	<attachment name="conditionAttachmentBerlinGermanControlled" attachTo="Germans" javaClass="RulesAttachment" type="player">
		<option name="directOwnershipTerritories" value="Germany"/>
	</attachment>
	
	<attachment name="conditionAttachmentBerlinGermanControlledInvert" attachTo="Germans" javaClass="RulesAttachment" type="player">
		<option name="directOwnershipTerritories" value="Germany"/>
		<option name="invert" value="true"/>
	</attachment>
	
	<attachment name="conditionAttachmentMoscowGermanControlled" attachTo="Germans" javaClass="RulesAttachment" type="player">
		<option name="directOwnershipTerritories" value="Moscow"/>
	</attachment>

	<attachment name="conditionAttachmentLondonGermanControlled" attachTo="Germans" javaClass="RulesAttachment" type="player">
		<option name="directOwnershipTerritories" value="United Kingdom"/>
	</attachment>
	
	<attachment name="conditionAttachmentWashingtonGermanControlled" attachTo="Germans" javaClass="RulesAttachment" type="player">
		<option name="directOwnershipTerritories" value="United States"/>
	</attachment>
	
	<attachment name="conditionAttachmentOneEnemyCapitalGermanControlled" attachTo="Germans" javaClass="RulesAttachment" type="player">
		<option name="conditions" value="conditionAttachmentLondonGermanControlled:conditionAttachmentMoscowGermanControlled:conditionAttachmentWashingtonGermanControlled"/>
		<option name="conditionType" value="OR"/>
	</attachment>
	
	<attachment name="conditionAttachmentOneEnemyCapitalGermanControlledInvert" attachTo="Germans" javaClass="RulesAttachment" type="player">
		<option name="conditions" value="conditionAttachmentLondonGermanControlled:conditionAttachmentMoscowGermanControlled:conditionAttachmentWashingtonGermanControlled"/>
		<option name="conditionType" value="OR"/>
		<option name="invert" value="true"/>
	</attachment>
	
	<attachment name="triggerAttachmentGermanVictoryConditionsMet" attachTo="Germans" javaClass="TriggerAttachment" type="player">
		<option name="conditions" value="conditionAttachmentOneEnemyCapitalGermanControlled:conditionAttachmentBerlinGermanControlled"/>
   		<option name="playerAttachmentName" value="RulesAttachment" count="conditionAttachmentGermanVictorySwitch"/>
  		<option name="playerProperty" value="switch" count="true"/>
		<option name="when" value="before:germansNonCombatMove"/>
	</attachment>
	
	<attachment name="triggerAttachmentGermanVictoryConditionsNotMet" attachTo="Germans" javaClass="TriggerAttachment" type="player">
		<option name="conditions" value="conditionAttachmentOneEnemyCapitalGermanControlledInvert:conditionAttachmentBerlinGermanControlledInvert"/>
		<option name="conditionType" value="OR"/>
   		<option name="playerAttachmentName" value="RulesAttachment" count="conditionAttachmentGermanVictorySwitch"/>
  		<option name="playerProperty" value="switch" count="false"/>
		<option name="when" value="after:americansEndTurn"/>
	</attachment>
	
	<attachment name="triggerAttachmentGermanVictory" attachTo="Germans" javaClass="TriggerAttachment" type="player">
		<option name="conditions" value="conditionAttachmentGermanVictorySwitch"/>
		<option name="victory" value="GermanVictory"/>
		<option name="when" value="before:germansPurchase"/>
	</attachment>
	
		<!-- Allied Victory -->
	<attachment name="conditionAttachmentAlliedVictorySwitch" attachTo="Americans" javaClass="RulesAttachment" type="player">
		<option name="switch" value="false"/>
	</attachment>
	
	<attachment name="triggerAttachmentAlliedVictoryConditionsMet" attachTo="Americans" javaClass="TriggerAttachment" type="player">
		<option name="conditions" value="conditionAttachmentOneEnemyCapitalGermanControlledInvert:conditionAttachmentBerlinGermanControlledInvert"/>
   		<option name="playerAttachmentName" value="RulesAttachment" count="conditionAttachmentAlliedVictorySwitch"/>
  		<option name="playerProperty" value="switch" count="true"/>
		<option name="when" value="before:americansNonCombatMove"/>
	</attachment>	
	
	<attachment name="triggerAttachmentAlliedVictoryConditionsNotMet" attachTo="Americans" javaClass="TriggerAttachment" type="player">
		<option name="conditions" value="conditionAttachmentOneEnemyCapitalGermanControlled:conditionAttachmentBerlinGermanControlled"/>
		<option name="conditionType" value="OR"/>
   		<option name="playerAttachmentName" value="RulesAttachment" count="conditionAttachmentAlliedVictorySwitch"/>
  		<option name="playerProperty" value="switch" count="false"/>
		<option name="when" value="after:germansEndTurn"/>
	</attachment>	
	
	<attachment name="triggerAttachmentAlliedVictory" attachTo="Americans" javaClass="TriggerAttachment" type="player">
		<option name="conditions" value="conditionAttachmentAlliedVictorySwitch"/>
		<option name="victory" value="AlliedVictory"/>
		<option name="when" value="before:russiansPurchase"/>
	</attachment>
  </attachmentList>

  <initialize>
    <ownerInitialize>
      <!-- German Owned Territories -->
      <territoryOwner territory="Germany" owner="Germans"/>
      <territoryOwner territory="Netherlands-Belgium" owner="Germans"/>
      <territoryOwner territory="Denmark" owner="Germans"/>
      <territoryOwner territory="Eastern France" owner="Germans"/>
      <territoryOwner territory="Vichy France" owner="Germans"/>
      <territoryOwner territory="France" owner="Germans"/>
      <territoryOwner territory="Northern Italy" owner="Germans"/>
      <territoryOwner territory="Southern Italy" owner="Germans"/>
      <territoryOwner territory="Austria" owner="Germans"/>
      <territoryOwner territory="Czechoslovakia" owner="Germans"/>
      <territoryOwner territory="Poland" owner="Germans"/>
      <territoryOwner territory="Hungary" owner="Germans"/>
      <territoryOwner territory="Yugoslavia" owner="Germans"/>
      <territoryOwner territory="Rumania" owner="Germans"/>
      <territoryOwner territory="Bulgaria" owner="Germans"/>
      <territoryOwner territory="Greece" owner="Germans"/>
      <territoryOwner territory="Crete" owner="Germans"/>
      <territoryOwner territory="Sicily" owner="Germans"/>
      <territoryOwner territory="Corsica" owner="Germans"/>
      <territoryOwner territory="Sardinia" owner="Germans"/>
      <territoryOwner territory="Norway" owner="Germans"/>
      <territoryOwner territory="Finland" owner="Germans"/>
      <territoryOwner territory="Morocco" owner="Germans"/>
      <territoryOwner territory="Algeria" owner="Germans"/>
      <territoryOwner territory="Tunisia" owner="Germans"/>
      <territoryOwner territory="Libya" owner="Germans"/>
      <!-- Russian Owned Territories -->
      <territoryOwner territory="Moscow" owner="Russians"/>
      <territoryOwner territory="Russia" owner="Russians"/>
      <territoryOwner territory="Belorussia" owner="Russians"/>
      <territoryOwner territory="Ukraine S.S.R." owner="Russians"/>
      <territoryOwner territory="Stalingrad" owner="Russians"/>
      <territoryOwner territory="Leningrad" owner="Russians"/>
      <territoryOwner territory="Karelia" owner="Russians"/>
      <territoryOwner territory="Archangel" owner="Russians"/>
      <territoryOwner territory="Siberia" owner="Russians"/>
      <territoryOwner territory="Turkestan" owner="Russians"/>
      <territoryOwner territory="Caucasus" owner="Russians"/>
      <territoryOwner territory="Vyborg" owner="Russians"/>
      <territoryOwner territory="Baltic States" owner="Russians"/>
      <territoryOwner territory="East Poland" owner="Russians"/>
      <territoryOwner territory="Bessarabia" owner="Russians"/>
      <!-- British Owned Territories -->
      <territoryOwner territory="United Kingdom" owner="British"/>
      <territoryOwner territory="Canada" owner="British"/>
      <territoryOwner territory="Gibraltar" owner="British"/>
      <territoryOwner territory="Malta" owner="British"/>
      <territoryOwner territory="Iceland" owner="British"/>
      <territoryOwner territory="Cyprus" owner="British"/>
      <!-- Middle-East Owned Territories -->
      <territoryOwner territory="Syria" owner="Middle_East"/>
      <territoryOwner territory="Iraq" owner="Middle_East"/>
      <territoryOwner territory="Iran" owner="Middle_East"/>
      <territoryOwner territory="Egypt" owner="Middle_East"/>
      <territoryOwner territory="Trans-Jordan" owner="Middle_East"/>
      <territoryOwner territory="Palestine" owner="Middle_East"/>
      <!-- American Owned Territories -->
      <territoryOwner territory="United States" owner="Americans"/>
      <!-- Convoy Centers -->
      <territoryOwner territory="Soviet Convoy Sea Zone" owner="Russians"/>
      <territoryOwner territory="British Convoy 1 Sea Zone" owner="British"/>
      <territoryOwner territory="British Convoy 2 Sea Zone" owner="British"/>
      <territoryOwner territory="British Convoy 3 Sea Zone" owner="British"/>
      <territoryOwner territory="British Convoy 4 Sea Zone" owner="British"/>
      <territoryOwner territory="U.S. Convoy 1 Sea Zone" owner="Americans"/>
      <territoryOwner territory="U.S. Convoy 2 Sea Zone" owner="Americans"/>
    </ownerInitialize>
    <unitInitialize>
      <!-- German Land Placements -->
      <unitPlacement unitType="infantry" territory="Germany" quantity="4" owner="Germans"/>
      <unitPlacement unitType="infantry" territory="Netherlands-Belgium" quantity="3" owner="Germans"/>
      <unitPlacement unitType="infantry" territory="Denmark" quantity="1" owner="Germans"/>
      <unitPlacement unitType="infantry" territory="Poland" quantity="6" owner="Germans"/>
      <unitPlacement unitType="infantry" territory="Norway" quantity="4" owner="Germans"/>
      <unitPlacement unitType="infantry" territory="Finland" quantity="3" owner="Germans"/>
      <unitPlacement unitType="infantry" territory="Czechoslovakia" quantity="1" owner="Germans"/>
      <unitPlacement unitType="infantry" territory="Austria" quantity="1" owner="Germans"/>
      <unitPlacement unitType="infantry" territory="Northern Italy" quantity="2" owner="Germans"/>
      <unitPlacement unitType="infantry" territory="Southern Italy" quantity="2" owner="Germans"/>
      <unitPlacement unitType="infantry" territory="Yugoslavia" quantity="2" owner="Germans"/>
      <unitPlacement unitType="infantry" territory="Hungary" quantity="3" owner="Germans"/>
      <unitPlacement unitType="infantry" territory="Rumania" quantity="3" owner="Germans"/>
      <unitPlacement unitType="infantry" territory="Bulgaria" quantity="2" owner="Germans"/>
      <unitPlacement unitType="infantry" territory="Greece" quantity="2" owner="Germans"/>
      <unitPlacement unitType="infantry" territory="Crete" quantity="1" owner="Germans"/>
      <unitPlacement unitType="infantry" territory="Tunisia" quantity="1" owner="Germans"/>
      <unitPlacement unitType="infantry" territory="Morocco" quantity="1" owner="Germans"/>
      <unitPlacement unitType="infantry" territory="France" quantity="4" owner="Germans"/>
      <unitPlacement unitType="infantry" territory="Eastern France" quantity="4" owner="Germans"/>
      <unitPlacement unitType="artillery" territory="Germany" quantity="2" owner="Germans"/>
      <unitPlacement unitType="artillery" territory="Poland" quantity="1" owner="Germans"/>
      <unitPlacement unitType="artillery" territory="Czechoslovakia" quantity="1" owner="Germans"/>
      <unitPlacement unitType="artillery" territory="Austria" quantity="1" owner="Germans"/>
      <unitPlacement unitType="artillery" territory="Northern Italy" quantity="1" owner="Germans"/>
      <unitPlacement unitType="artillery" territory="Hungary" quantity="1" owner="Germans"/>
      <unitPlacement unitType="artillery" territory="Greece" quantity="1" owner="Germans"/>
      <unitPlacement unitType="artillery" territory="Tunisia" quantity="1" owner="Germans"/>
      <unitPlacement unitType="artillery" territory="France" quantity="1" owner="Germans"/>
      <unitPlacement unitType="armour" territory="Germany" quantity="2" owner="Germans"/>
      <unitPlacement unitType="armour" territory="Netherlands-Belgium" quantity="2" owner="Germans"/>
      <unitPlacement unitType="armour" territory="Poland" quantity="2" owner="Germans"/>
      <unitPlacement unitType="armour" territory="Northern Italy" quantity="2" owner="Germans"/>
      <unitPlacement unitType="armour" territory="Hungary" quantity="1" owner="Germans"/>
      <unitPlacement unitType="armour" territory="Rumania" quantity="1" owner="Germans"/>
      <unitPlacement unitType="armour" territory="Tunisia" quantity="1" owner="Germans"/>
      <unitPlacement unitType="armour" territory="France" quantity="2" owner="Germans"/>
      <unitPlacement unitType="aaGun" territory="Germany" quantity="1" owner="Germans"/>
      <unitPlacement unitType="aaGun" territory="Northern Italy" quantity="1" owner="Germans"/>
      <unitPlacement unitType="fighter" territory="Germany" quantity="2" owner="Germans"/>
      <unitPlacement unitType="fighter" territory="Poland" quantity="1" owner="Germans"/>
      <unitPlacement unitType="fighter" territory="Norway" quantity="1" owner="Germans"/>
      <unitPlacement unitType="fighter" territory="Northern Italy" quantity="1" owner="Germans"/>
      <unitPlacement unitType="fighter" territory="France" quantity="1" owner="Germans"/>
      <unitPlacement unitType="bomber" territory="Germany" quantity="1" owner="Germans"/>
      <unitPlacement unitType="factory" territory="Germany" quantity="1" owner="Germans"/>
      <unitPlacement unitType="factory" territory="Northern Italy" quantity="1" owner="Germans"/>
      <!-- German Sea Placements -->
      <unitPlacement unitType="battleship" territory="Tyrrhenian Sea Sea Zone" quantity="1" owner="Germans"/>
      <unitPlacement unitType="destroyer" territory="Tyrrhenian Sea Sea Zone" quantity="1" owner="Germans"/>
      <unitPlacement unitType="transport" territory="Tyrrhenian Sea Sea Zone" quantity="1" owner="Germans"/>
      <unitPlacement unitType="transport" territory="Danish Sea Sea Zone" quantity="1" owner="Germans"/>
      <unitPlacement unitType="submarine" territory="South Atlantic Sea Zone" quantity="1" owner="Germans"/>
      <unitPlacement unitType="submarine" territory="Azores Sea Sea Zone" quantity="1" owner="Germans"/>
      <unitPlacement unitType="submarine" territory="Mid-Atlantic Sea Zone" quantity="1" owner="Germans"/>
      <unitPlacement unitType="submarine" territory="Bay of Biscay Sea Zone" quantity="2" owner="Germans"/>
      <unitPlacement unitType="submarine" territory="Halifax Sea Sea Zone" quantity="1" owner="Germans"/>
      <unitPlacement unitType="submarine" territory="Denmark Strait Sea Zone" quantity="1" owner="Germans"/>
      <unitPlacement unitType="submarine" territory="Barents Sea Sea Zone" quantity="1" owner="Germans"/>
      <unitPlacement unitType="submarine" territory="Danish Sea Sea Zone" quantity="2" owner="Germans"/>
      <!-- Russian Land Placements -->
      <unitPlacement unitType="infantry" territory="Moscow" quantity="4" owner="Russians"/>
      <unitPlacement unitType="infantry" territory="Russia" quantity="4" owner="Russians"/>
      <unitPlacement unitType="infantry" territory="Siberia" quantity="3" owner="Russians"/>
      <unitPlacement unitType="infantry" territory="Archangel" quantity="3" owner="Russians"/>
      <unitPlacement unitType="infantry" territory="Karelia" quantity="2" owner="Russians"/>
      <unitPlacement unitType="infantry" territory="Leningrad" quantity="2" owner="Russians"/>
      <unitPlacement unitType="infantry" territory="Belorussia" quantity="4" owner="Russians"/>
      <unitPlacement unitType="infantry" territory="Turkestan" quantity="3" owner="Russians"/>
      <unitPlacement unitType="infantry" territory="Stalingrad" quantity="2" owner="Russians"/>
      <unitPlacement unitType="infantry" territory="Ukraine S.S.R." quantity="4" owner="Russians"/>
      <unitPlacement unitType="infantry" territory="Caucasus" quantity="3" owner="Russians"/>
      <unitPlacement unitType="infantry" territory="Iran" quantity="1" owner="Russians"/>
      <unitPlacement unitType="infantry" territory="East Poland" quantity="4" owner="Russians"/>
      <unitPlacement unitType="infantry" territory="Baltic States" quantity="3" owner="Russians"/>
      <unitPlacement unitType="infantry" territory="Vyborg" quantity="1" owner="Russians"/>
      <unitPlacement unitType="infantry" territory="Bessarabia" quantity="1" owner="Russians"/>
      <unitPlacement unitType="artillery" territory="Russia" quantity="1" owner="Russians"/>
      <unitPlacement unitType="artillery" territory="Siberia" quantity="1" owner="Russians"/>
      <unitPlacement unitType="artillery" territory="Belorussia" quantity="1" owner="Russians"/>
      <unitPlacement unitType="artillery" territory="Stalingrad" quantity="1" owner="Russians"/>
      <unitPlacement unitType="artillery" territory="Ukraine S.S.R." quantity="1" owner="Russians"/>
      <unitPlacement unitType="armour" territory="Moscow" quantity="1" owner="Russians"/>
      <unitPlacement unitType="armour" territory="Siberia" quantity="1" owner="Russians"/>
      <unitPlacement unitType="armour" territory="Archangel" quantity="1" owner="Russians"/>
      <unitPlacement unitType="armour" territory="Turkestan" quantity="1" owner="Russians"/>
      <unitPlacement unitType="armour" territory="Caucasus" quantity="1" owner="Russians"/>
      <unitPlacement unitType="armour" territory="Bessarabia" quantity="1" owner="Russians"/>
      <unitPlacement unitType="aaGun" territory="Moscow" quantity="1" owner="Russians"/>
      <unitPlacement unitType="aaGun" territory="Archangel" quantity="1" owner="Russians"/>
      <unitPlacement unitType="aaGun" territory="Leningrad" quantity="1" owner="Russians"/>
      <unitPlacement unitType="aaGun" territory="Stalingrad" quantity="1" owner="Russians"/>
      <unitPlacement unitType="fighter" territory="Moscow" quantity="1" owner="Russians"/>
      <unitPlacement unitType="bomber" territory="Moscow" quantity="1" owner="Russians"/>
      <unitPlacement unitType="factory" territory="Moscow" quantity="1" owner="Russians"/>
      <unitPlacement unitType="factory" territory="Archangel" quantity="1" owner="Russians"/>
      <unitPlacement unitType="factory" territory="Leningrad" quantity="1" owner="Russians"/>
      <unitPlacement unitType="factory" territory="Stalingrad" quantity="1" owner="Russians"/>
      <!-- Russian Sea Placements -->
      <unitPlacement unitType="transport" territory="White Sea Sea Zone" quantity="1" owner="Russians"/>
      <unitPlacement unitType="submarine" territory="White Sea Sea Zone" quantity="1" owner="Russians"/>
      <!-- British Land Placements -->
      <unitPlacement unitType="infantry" territory="United Kingdom" quantity="4" owner="British"/>
      <unitPlacement unitType="infantry" territory="Egypt" quantity="1" owner="British"/>
      <unitPlacement unitType="infantry" territory="Palestine" quantity="1" owner="British"/>
      <unitPlacement unitType="infantry" territory="Syria" quantity="1" owner="British"/>
      <unitPlacement unitType="infantry" territory="Iraq" quantity="1" owner="British"/>
      <unitPlacement unitType="artillery" territory="United Kingdom" quantity="1" owner="British"/>
      <unitPlacement unitType="artillery" territory="Egypt" quantity="1" owner="British"/>
      <unitPlacement unitType="armour" territory="United Kingdom" quantity="1" owner="British"/>
      <unitPlacement unitType="armour" territory="Canada" quantity="1" owner="British"/>
      <unitPlacement unitType="armour" territory="Egypt" quantity="1" owner="British"/>
      <unitPlacement unitType="aaGun" territory="United Kingdom" quantity="1" owner="British"/>
      <unitPlacement unitType="aaGun" territory="Canada" quantity="1" owner="British"/>
      <unitPlacement unitType="fighter" territory="United Kingdom" quantity="2" owner="British"/>
      <unitPlacement unitType="fighter" territory="Malta" quantity="1" owner="British"/>
      <unitPlacement unitType="bomber" territory="United Kingdom" quantity="1" owner="British"/>
      <unitPlacement unitType="factory" territory="United Kingdom" quantity="1" owner="British"/>
      <unitPlacement unitType="factory" territory="Canada" quantity="1" owner="British"/>
      <!-- British Sea Placements -->
      <unitPlacement unitType="battleship" territory="North Sea Sea Zone" quantity="1" owner="British"/>
      <unitPlacement unitType="destroyer" territory="Eastern Mediterranean Sea Zone" quantity="1" owner="British"/>
      <unitPlacement unitType="destroyer" territory="Strait of Gibraltar Sea Zone" quantity="1" owner="British"/>
      <unitPlacement unitType="destroyer" territory="North Sea Sea Zone" quantity="1" owner="British"/>
      <unitPlacement unitType="destroyer" territory="English Channel Sea Zone" quantity="1" owner="British"/>
      <unitPlacement unitType="destroyer" territory="Davis Strait Sea Zone" quantity="1" owner="British"/>
      <unitPlacement unitType="destroyer" territory="Celtic Sea Sea Zone" quantity="1" owner="British"/>
      <unitPlacement unitType="transport" territory="Eastern Mediterranean Sea Zone" quantity="1" owner="British"/>
      <unitPlacement unitType="transport" territory="North Sea Sea Zone" quantity="1" owner="British"/>
      <unitPlacement unitType="transport" territory="Davis Strait Sea Zone" quantity="1" owner="British"/>
      <unitPlacement unitType="transport" territory="Celtic Sea Sea Zone" quantity="2" owner="British"/>
      <!-- American Land Placements -->
      <unitPlacement unitType="infantry" territory="United States" quantity="2" owner="Americans"/>
      <unitPlacement unitType="aaGun" territory="United States" quantity="1" owner="Americans"/>
      <unitPlacement unitType="fighter" territory="United States" quantity="1" owner="Americans"/>
      <unitPlacement unitType="bomber" territory="United States" quantity="1" owner="Americans"/>
      <unitPlacement unitType="factory" territory="United States" quantity="1" owner="Americans"/>
      <!-- American Sea Placements -->
      <unitPlacement unitType="destroyer" territory="U.S. Eastern Coast Sea Zone" quantity="1" owner="Americans"/>
      <unitPlacement unitType="transport" territory="U.S. Eastern Coast Sea Zone" quantity="1" owner="Americans"/>
    </unitInitialize>
    <resourceInitialize>
      <resourceGiven player="British" resource="PUs" quantity="25"/>
      <resourceGiven player="Americans" resource="PUs" quantity="40"/>
      <resourceGiven player="Russians" resource="PUs" quantity="24"/>
      <resourceGiven player="Germans" resource="PUs" quantity="40"/>
    </resourceInitialize>
  </initialize>
  <propertyList>
    <property name="Germans bid" value="12" editable="true">
      <number min="0" max="1000"/>
    </property>
    <property name="Russians bid" value="12" editable="true">
      <number min="0" max="1000"/>
    </property>
    <property name="British bid" value="0" editable="true">
      <number min="0" max="1000"/>
    </property>
    <property name="Americans bid" value="0" editable="true">
      <number min="0" max="1000"/>
    </property>
    <property name="Low Luck" value="false" editable="true">
      <boolean/>
    </property>
    <property name="Low Luck for AntiAircraft" value="false" editable="true">
      <boolean/>
    </property>
    <property name="Low Luck for Bombing and Territory Damage" value="false" editable="true">
      <boolean/>
    </property>
	<property name="Tech Development" value="false" editable="false">
		<boolean/>
    </property>
	<property name="Always on AA" value="false" editable="false">
		<boolean/>
	</property>
	<property name="Choose AA Casualties" value="true" editable="true">
		<boolean/>
	</property>			
	<property name="Roll AA Individually" value="false" editable="true">
		<boolean/>
	</property>
    <property name="Kamikaze Airplanes" value="false" editable="false">
      <boolean/>
    </property>
    <property name="Units Repair Hits End Turn" value="true" editable="false">
      <boolean/>
    </property>

<!-- Submarines -->

    <property name="Submersible Subs" value="true" editable="false">
      <boolean/>
    </property>
    <property name="Sub Retreat Before Battle" value="true" editable="false">
      <boolean/>
    </property>
    <property name="Sub Control Sea Zone Restricted" value="false" editable="false">
      <boolean/>
    </property>
    <property name="Subs Can End NonCombat Move With Enemies" value="false" editable="false">
      <boolean/>
    </property>
    <property name="Air Attack Sub Restricted" value="true" editable="false">
      <boolean/>
    </property>
	<property name='Defending Subs Sneak Attack' value='false' editable='false'>
		<boolean/>
	</property>
	<property name="Ignore Sub In Movement" value="false" editable="false">
		<boolean/>
	</property>
    <property name="Submarines Defending May Submerge Or Retreat" value="true" editable="false">
      <boolean/>
    </property>
    <property name="Sub Retreat DD Restricted" value="true" editable="false">
      <boolean/>
    </property>

<!-- Other things -->
    <property name="Two hit battleship" value="true" editable="false">
      <boolean/>
    </property>
    <property name="Produce fighters on carriers" value="false" editable="false">
      <boolean/>
    </property>
    <property name="Move existing fighters to new carriers" value="false" editable="false">
      <boolean/>
    </property>
    <property name="Allied Air Dependents" value="true" editable="false">
      <boolean/>
    </property>
    <property name="Blitz Through Factories And AA Restricted" value="true" editable="false">
      <boolean/>
    </property>
    <property name="Produce new fighters on old carriers" value="false" editable="false">
      <boolean/>
    </property>
    <property name="Naval Bombard Casualties Return Fire" value="true" editable="false">
      <boolean/>
    </property>
    <property name="Neutrals Are Impassable" value="true" editable="false">
      <boolean/>
    </property>
    <property name="Naval Units May Not NonCombat Move Into Controlled Sea Zones" value="true" editable="false">
      <boolean/>
    </property>
    <property name="Give Units By Territory" value="false" editable="true">
      <boolean/>
    </property>
    <property name="Raids May Be Preceeded By Air Battles" value="true" editable="false">
      <boolean/>
    </property>
    <property name="Limit SBR Damage To Factory Production" value="false" editable="false">
      <boolean/>
    </property>
    <property name="Limit SBR Damage Per Turn" value="false" editable="false">
      <boolean/>
    </property>
	<property name="Territory Turn Limit" value="false" editable="false">
		<boolean/>
	</property>
	<property name="SBR Affects Unit Production " value="false" editable="false">
		<boolean/>
	</property>
	<property name="Unit Placement In Enemy Seas" value="true" editable="false">
		<boolean/>
	</property>
	<property name="Attacker Retreat Planes" value="true" editable="false">
		<boolean/>
	</property>
	<property name="Use Triggers" value="true" editable="false">
		<boolean/>
	</property>
	<property name="Triggered Victory" value="true" editable="true">
		<boolean/>
	</property>
    <property name="mapName" value="europe_improved" editable="false"/>
    <property name="notes">
      <value><![CDATA[
		
		    This current mod reflects the original Europe edition.
		<br>
		<br>Special Cash Advance:
		<br>Before the game starts each side is given a 12 PU bid.  
		So Germany gets a 12 pu bid, and the Allies get a 12 pu bid which they can give to one allied country or divide among allied countries.  
		This bid money can only be used to purchase and place units where you already have units.
		<br>(The Allied 12 pu starts out as Russian, however you can change it and divide it however you choose.)
		<br>
		<br>
		<br>ATTENTION: 
		<br>Escorting and Intercepting Strategic Bombing Raids is Not Yet Supported!
		<br>Soviet Patriotic War converting of Allied units is Supported! However, you must pay attention and remember not to move the units during the next Soviet turn!
		<br>Middle_East capturing of PUs directly from Allies (instead of from bank) is Not Yet Supported! Please use edit mode to delete UK and/or USA pus.
		<br>According to rules, you can place unlimited units in original factories that start the game under your control, but follow regular v2-v3 rules for placement restricted by territory value on all captured factories.
		<br>Europe follows a hybrid v1, v2, v3 rules-set.  Mostly v2, except shore bombardment should get return shot, subs need a destroyer unit present to be hit by air, etc.
		<br>
		<br>There are a few elements still to be added however, for example, the middle east territories 
		are counted as regular UK territories as their special rules are also not yet currently implemented.  
		Strategic bombing for now behaves exactly as regular Axis and Allies strategic bombing.  Also 
		there is no extra Russia bonus of commandeering allied units and converting them to Russian owned 
		at this time.  All units created by a nation will stay under ownership by that nation throughout 
		the entire game.
		<br>
		<br><i>Credits: Triple_Elk (base-line), iron__cross (integration), Adam (convoy center code), and the rest of the team...
		<br>Converted to TripleA 1.2.x.x, and additional rules properties and fixes by Veqryn</i>
			  
			]]></value>
    </property>
  </propertyList>
</game>
